keyword,typ
baseny ogrodowe,seed
baseny przydomowe,synonim
pływalnie ogrodowe,synonim
akweny ogrodowe,synonim
baseny do ogrodu,synonim
baseny kąpielowe,synonim
baseny zewnętrzne,synonim
baseny rekreacyjne,synonim
tanie baseny ogrodowe,token_before
małe baseny ogrodowe,token_before
duże baseny ogrodowe,token_before
okrągłe baseny ogrodowe,token_before
prostokątne baseny ogrodowe,token_before
głębokie baseny ogrodowe,token_before
płytkie baseny ogrodowe,token_before
nowoczesne baseny ogrodowe,token_before
stylowe baseny ogrodowe,token_before
eleganckie baseny ogrodowe,token_before
praktyczne baseny ogrodowe,token_before
funkcjonalne baseny ogrodowe,token_before
ekonomiczne baseny ogrodowe,token_before
budżetowe baseny ogrodowe,token_before
premium baseny ogrodowe,token_before
luksusowe baseny ogrodowe,token_before
najlepsze baseny ogrodowe,token_before
polecane baseny ogrodowe,token_before
sprawdzone baseny ogrodowe,token_before
trwałe baseny ogrodowe,token_before
wytrzymałe baseny ogrodowe,token_before
solidne baseny ogrodowe,token_before
baseny ogrodowe ceny,token_after
baseny ogrodowe cennik,token_after
baseny ogrodowe ranking,token_after
baseny ogrodowe opinie,token_after
baseny ogrodowe sklep,token_after
baseny ogrodowe montaż,token_after
baseny ogrodowe instalacja,token_after
baseny ogrodowe budowa,token_after
baseny ogrodowe wymiary,token_after
baseny ogrodowe rozmiary,token_after
baseny ogrodowe producenci,token_after
baseny ogrodowe marki,token_after
baseny ogrodowe akcesoria,token_after
baseny ogrodowe wyposażenie,token_after
baseny ogrodowe konserwacja,token_after
baseny ogrodowe pielęgnacja,token_after
baseny ogrodowe utrzymanie,token_after
baseny ogrodowe czyszczenie,token_after
baseny ogrodowe chemia,token_after
baseny ogrodowe filtracja,token_after
baseny ogrodowe podgrzewanie,token_after
baseny ogrodowe zimowanie,token_after
baseny ogrodowe sezon,token_after
baseny ogrodowe transport,token_after
baseny ogrodowe dostawa,token_after
baseny ogrodowe gwarancja,token_after
baseny ogrodowe serwis,token_after
baseny ogrodowe naprawa,token_after
baseny z filtracją,attribute
baseny z podgrzewaniem,attribute
baseny z pompą,attribute
baseny z drabinką,attribute
baseny z pokrywą,attribute
baseny z obudową,attribute
baseny z hydromasażem,attribute
baseny z systemem uzdatniania wody,attribute
baseny z ozonowaniem,attribute
baseny z lampami LED,attribute
baseny z systemem grzewczym,attribute
baseny z automatyczną filtracją,attribute
baseny z systemem solnym,attribute
baseny z systemem UV,attribute
baseny do ogrodu małe,use_case
baseny do ogrodu duże,use_case
baseny na działkę,use_case
baseny na taras,use_case
baseny do ziemi,use_case
baseny na sezon,use_case
baseny na lato,use_case
baseny całoroczne,use_case
baseny wakacyjne,use_case
baseny rekreacyjne dla rodziny,use_case
baseny do pływania,use_case
baseny do zabawy,use_case
baseny do relaksu,use_case
baseny dla dzieci,audience
baseny dla dorosłych,audience
baseny dla rodzin,audience
baseny dla seniorów,audience
baseny dla aktywnych,audience
baseny dla 4 osób,audience
baseny dla 6 osób,audience
baseny dla 8 osób,audience
baseny warszawa,location
baseny kraków,location
baseny poznań,location
baseny wrocław,location
baseny gdańsk,location
baseny katowice,location
baseny łódź,location
baseny lublin,location
baseny allegro,location
baseny olx,location
baseny castorama,location
baseny leroy merlin,location
baseny obi,location
baseny decathlon,location
baseny jula,location
baseny auchan,location
baseny carrefour,location
baseny empik,location
baseny 2024,time
baseny 2025,time
baseny sezon 2024,time
baseny sezon 2025,time
baseny letnie,time
baseny wiosenne,time
baseny jesienne,time
baseny zimowe,time
baseny wielosezonowe,time
baseny premium,quality
baseny budżetowe,quality
baseny tanie,quality
baseny drogie,quality
baseny najlepsze,quality
baseny najgorsze,quality
baseny top 10,quality
baseny ranking 2024,quality
baseny hit sezonu,quality
baseny wyprzedaż,quality
baseny promocja,quality
baseny rabat,quality
baseny przecena,quality
baseny na raty,quality
baseny z rabatem,quality
baseny stelażowe,material
baseny nadmuchiwane,material
baseny dmuchane,material
baseny rozporowe,material
baseny poliestrowe,material
baseny polipropylenowe,material
baseny kompozytowe,material
baseny drewniane,material
baseny stalowe,material
baseny betonowe,material
baseny z tworzywa,material
baseny plastikowe,material
baseny metalowe,material
baseny z PVC,material
baseny wkopywane,material
baseny naziemne,material
baseny wolnostojące,material
baseny składane,material
baseny modułowe,material
baseny prefabrykowane,material
baseny całoroczne,related_search
baseny ogrodowe stelażowe,related_search
baseny ogrodowe wkopywane,related_search
baseny ogrodowe allegro,related_search
baseny ogrodowe olx,related_search
baseny ogrodowe wyprzedaż,related_search
baseny ogrodowe duże,related_search
baseny ogrodowe castorama,related_search
basen stelażowy prostokątny,related_search
basen ogrodowy wyprzedaż castorama,related_search
basen stelażowy 366x122 wyprzedaż,related_search
najtańsze baseny ogrodowe stelażowe,related_search
baseny ogrodowe stelażowe wyprzedaż,related_search
basen stelażowy 457x132,related_search
co to jest basen ogrodowy,pytanie_what
czym jest basen ogrodowy,pytanie_what
co to znaczy basen stelażowy,pytanie_what
co to są baseny wkopywane,pytanie_what
co to jest basen nadmuchiwany,pytanie_what
co oznacza basen całoroczny,pytanie_what
jak wybrać basen ogrodowy,pytanie_how
jak zamontować basen ogrodowy,pytanie_how
jak ustawić basen ogrodowy,pytanie_how
jak złożyć basen ogrodowy,pytanie_how
jak rozłożyć basen ogrodowy,pytanie_how
jak rozkładać basen stelażowy,pytanie_how
jak zbudować basen ogrodowy,pytanie_how
jak wykopać basen ogrodowy,pytanie_how
jak wkopać basen w ziemię,pytanie_how
jak podłączyć pompę do basenu,pytanie_how
jak zainstalować basen ogrodowy,pytanie_how
jak przygotować miejsce pod basen,pytanie_how
jak wypoziomować teren pod basen,pytanie_how
jak zabezpieczyć basen na zimę,pytanie_how
jak przezimować basen ogrodowy,pytanie_how
jak czyścić basen ogrodowy,pytanie_how
jak konserwować basen ogrodowy,pytanie_how
jak odkażać wodę w basenie,pytanie_how
jak podgrzewać wodę w basenie,pytanie_how
jak zakryć basen ogrodowy,pytanie_how
jak naprawić basen ogrodowy,pytanie_how
jak uszczelnić basen ogrodowy,pytanie_how
jak przechowywać basen zimą,pytanie_how
jak dbać o basen ogrodowy,pytanie_how
jak często czyścić basen,pytanie_how
ile kosztuje basen ogrodowy,pytanie_cost
ile kosztuje basen stelażowy,pytanie_cost
ile kosztuje basen wkopywany,pytanie_cost
ile kosztuje basen nadmuchiwany,pytanie_cost
ile kosztuje montaż basenu,pytanie_cost
ile kosztuje utrzymanie basenu,pytanie_cost
ile kosztuje budowa basenu,pytanie_cost
ile kosztuje wykopanie basenu,pytanie_cost
ile kosztuje chemia do basenu,pytanie_cost
ile kosztuje podgrzewanie basenu,pytanie_cost
ile kosztuje filtr do basenu,pytanie_cost
ile kosztuje pompa do basenu,pytanie_cost
ile kosztuje konserwacja basenu,pytanie_cost
ile kosztuje naprawa basenu,pytanie_cost
ile kosztuje transport basenu,pytanie_cost
ile kosztuje dostawa basenu,pytanie_cost
ile kosztuje zadaszenie basenu,pytanie_cost
gdzie kupić basen ogrodowy,pytanie_where
gdzie kupić basen stelażowy,pytanie_where
gdzie kupić basen wkopywany,pytanie_where
gdzie kupić basen nadmuchiwany,pytanie_where
gdzie kupić tani basen,pytanie_where
gdzie kupić akcesoria do basenu,pytanie_where
gdzie kupić chemię do basenu,pytanie_where
gdzie kupić pompę do basenu,pytanie_where
gdzie kupić filtr do basenu,pytanie_where
gdzie kupić pokrywę do basenu,pytanie_where
gdzie kupić drabinkę do basenu,pytanie_where
gdzie kupić najlepszy basen,pytanie_where
gdzie szukać basenu ogrodowego,pytanie_where
gdzie zamówić basen ogrodowy,pytanie_where
gdzie znaleźć basen ogrodowy,pytanie_where
kiedy kupić basen ogrodowy,pytanie_when
kiedy rozkładać basen ogrodowy,pytanie_when
kiedy składać basen ogrodowy,pytanie_when
kiedy montować basen ogrodowy,pytanie_when
kiedy zacząć sezon basenowy,pytanie_when
kiedy zakończyć sezon basenowy,pytanie_when
kiedy przezimować basen,pytanie_when
kiedy czyścić basen ogrodowy,pytanie_when
kiedy wymieniać wodę w basenie,pytanie_when
kiedy dodawać chemię do basenu,pytanie_when
kiedy wymieniać filtr w basenie,pytanie_when
kiedy najlepiej kupić basen,pytanie_when
kiedy są promocje na baseny,pytanie_when
kiedy są wyprzedaże basenów,pytanie_when
który basen ogrodowy wybrać,pytanie_which
który basen jest najlepszy,pytanie_which
który basen jest najtańszy,pytanie_which
który basen jest najtrwalszy,pytanie_which
który basen dla dzieci,pytanie_which
który basen dla dorosłych,pytanie_which
który basen na działkę,pytanie_which
który basen do ziemi,pytanie_which
który basen stelażowy wybrać,pytanie_which
który basen wkopywany wybrać,pytanie_which
który producent basenów jest najlepszy,pytanie_which
która marka basenów jest najlepsza,pytanie_which
który basen jest lepszy rozporowy czy stelażowy,paa_question
ile kosztuje zrobienie basenu przydomowego,paa_question
czy płaci się podatek od basenu,paa_question
ile lat wytrzymuje basen stelażowy,paa_question
ile kosztuje basen wkopany w ziemię,paa_question
jak długo wytrzyma basen wkopany w ziemię,paa_question
ile kosztuje zrobienie basenu w ziemi samemu,paa_question
czy na basen wkopywany trzeba mieć pozwolenie,paa_question
dlaczego warto mieć basen ogrodowy,pytanie_why
dlaczego basen ogrodowy się opłaca,pytanie_why
dlaczego basen stelażowy,pytanie_why
dlaczego basen wkopywany,pytanie_why
dlaczego basen nadmuchiwany,pytanie_why
dlaczego warto kupić basen,pytanie_why
dlaczego basen w ogrodzie,pytanie_why
dlaczego basen podnosi wartość domu,pytanie_why
dlaczego warto inwestować w basen,pytanie_why
czy basen ogrodowy się opłaca,pytanie_yes_no
czy warto kupić basen ogrodowy,pytanie_yes_no
czy basen stelażowy jest dobry,pytanie_yes_no
czy basen wkopywany jest drogi,pytanie_yes_no
czy basen nadmuchiwany jest trwały,pytanie_yes_no
czy basen ogrodowy wymaga pozwolenia,pytanie_yes_no
czy basen ogrodowy wymaga konserwacji,pytanie_yes_no
czy basen ogrodowy zużywa dużo wody,pytanie_yes_no
czy basen ogrodowy zużywa dużo prądu,pytanie_yes_no
czy basen ogrodowy można zostawić na zimę,pytanie_yes_no
czy basen ogrodowy jest bezpieczny dla dzieci,pytanie_yes_no
czy basen ogrodowy można podgrzewać,pytanie_yes_no
czy basen ogrodowy można wkopać,pytanie_yes_no
czy basen ogrodowy można przenosić,pytanie_yes_no
czy basen ogrodowy można naprawić,pytanie_yes_no
basen stelażowy vs nadmuchiwany,porownanie
basen wkopywany vs naziemny,porownanie
basen poliestrowy vs polipropylenowy,porownanie
basen okrągły vs prostokątny,porownanie
basen intex vs bestway,porownanie
basen z filtracją vs bez filtracji,porownanie
basen drewniany vs metalowy,porownanie
basen całoroczny vs sezonowy,porownanie
basen duży vs mały,porownanie
basen głęboki vs płytki,porownanie
pompy do basenu,powiazane
filtry do basenu,powiazane
drabinki do basenu,powiazane
pokrywy do basenu,powiazane
zadaszenia basenowe,powiazane
chemia basenowa,powiazane
chlor do basenu,powiazane
pH do basenu,powiazane
algicyd do basenu,powiazane
flokulant do basenu,powiazane
klarownik do basenu,powiazane
odkurzacz do basenu,powiazane
siatka do basenu,powiazane
podłoga pod basen,powiazane
mata pod basen,powiazane
geowłóknina pod basen,powiazane
styropian pod basen,powiazane
kostka betonowa pod basen,powiazane
grunt pod basen,powiazane
wypoziomowanie terenu pod basen,powiazane
zabezpieczenie basenu,powiazane
ogrodzenie basenu,powiazane
system filtracji basenu,powiazane
system podgrzewania basenu,powiazane
podgrzewacz do basenu,powiazane
pompa ciepła do basenu,powiazane
kolektor słoneczny do basenu,powiazane
oświetlenie basenu,powiazane
lampy LED do basenu,powiazane
sterowanie basenem,powiazane
automatyka basenowa,powiazane
czujniki basenu,powiazane
alarm basenowy,powiazane
monitoring basenu,powiazane
deska tarasowa przy basenie,powiazane
kostka przy basenie,powiazane
taras przy basenie,powiazane
alejka do basenu,powiazane
nasadzenia przy basenie,powiazane
meble ogrodowe przy basenie,powiazane
leżaki przy basenie,powiazane
parasole przy basenie,powiazane
altana przy basenie,powiazane
grill przy basenie,powiazane
basen ogrodowy dla 4 osobowej rodziny,long_tail
basen ogrodowy sklep warszawa,long_tail
basen ogrodowy cena warszawa,long_tail
basen ogrodowy montaż cena,long_tail
basen ogrodowy instalacja cena,long_tail
basen ogrodowy z podgrzewaniem cena,long_tail
basen ogrodowy z filtracją cena,long_tail
basen ogrodowy 4x2 cena,long_tail
basen ogrodowy 5x3 cena,long_tail
basen ogrodowy 6x3 cena,long_tail
basen ogrodowy stelażowy intex,long_tail
basen ogrodowy stelażowy bestway,long_tail
basen ogrodowy stelażowy 366x122,long_tail
basen ogrodowy stelażowy 457x122,long_tail
basen ogrodowy stelażowy prostokątny,long_tail
basen ogrodowy stelażowy okrągły,long_tail
basen ogrodowy nadmuchiwany intex,long_tail
basen ogrodowy nadmuchiwany bestway,long_tail
basen ogrodowy wkopywany poliestrowy,long_tail
basen ogrodowy wkopywany polipropylenowy,long_tail
basen ogrodowy wkopywany cena,long_tail
basen ogrodowy wkopywany montaż,long_tail
basen ogrodowy całoroczny cena,long_tail
basen ogrodowy całoroczny wolnostojący,long_tail
basen ogrodowy całoroczny drewniany,long_tail
basen ogrodowy ranking 2024,long_tail
basen ogrodowy opinie 2024,long_tail
basen ogrodowy najlepszy ranking,long_tail
basen ogrodowy tani ranking,long_tail
basen ogrodowy dla dzieci ranking,long_tail
basen ogrodowy duży ranking,long_tail
basen ogrodowy mały ranking,long_tail
jaki basen ogrodowy do ogrodu wybrać,long_tail
jaki basen ogrodowy na działkę wybrać,long_tail
jaki basen ogrodowy dla dzieci wybrać,long_tail
jaki basen ogrodowy dla dorosłych wybrać,long_tail
jaki basen ogrodowy do 1000 zł,long_tail
jaki basen ogrodowy do 2000 zł,long_tail
jaki basen ogrodowy do 5000 zł,long_tail
najlepszy basen ogrodowy stelażowy,long_tail
najlepszy basen ogrodowy nadmuchiwany,long_tail
najlepszy basen ogrodowy wkopywany,long_tail
najlepszy basen ogrodowy dla dzieci,long_tail
najlepszy basen ogrodowy dla rodziny,long_tail
najtańszy basen ogrodowy stelażowy,long_tail
najtańszy basen ogrodowy nadmuchiwany,long_tail
najtańszy basen ogrodowy do kupienia,long_tail
jak przygotować grunt pod basen ogrodowy,long_tail
jak wypoziomować teren pod basen ogrodowy,long_tail
jak zabezpieczyć basen ogrodowy na zimę,long_tail
jak konserwować basen ogrodowy zimą,long_tail
jak czyścić basen ogrodowy domowymi sposobami,long_tail
ile kosztuje basen ogrodowy stelażowy,long_tail
ile kosztuje basen ogrodowy wkopywany,long_tail
ile kosztuje basen ogrodowy nadmuchiwany,long_tail
ile kosztuje montaż basenu ogrodowego,long_tail
ile kosztuje utrzymanie basenu ogrodowego rocznie,long_tail
ile kosztuje chemia do basenu ogrodowego,long_tail
gdzie kupić basen ogrodowy warszawa,long_tail
gdzie kupić basen ogrodowy kraków,long_tail
gdzie kupić tani basen ogrodowy,long_tail
gdzie kupić basen ogrodowy z montażem,long_tail
kiedy kupić basen ogrodowy najkorzystniej,long_tail
kiedy są wyprzedaże basenów ogrodowych,long_tail
baseny ogrodowe intex ranking,serp_pattern
baseny ogrodowe bestway ranking,serp_pattern
baseny ogrodowe sklep online,serp_pattern
baseny ogrodowe tanie ceny,serp_pattern
baseny ogrodowe promocja wyprzedaż,serp_pattern
baseny ogrodowe z pompą,serp_pattern
baseny ogrodowe z drabinką,serp_pattern
baseny ogrodowe z pokrywą,serp_pattern
baseny ogrodowe komplety,serp_pattern
baseny ogrodowe zestawy,serp_pattern
baseny ogrodowe akcesoria komplet,serp_pattern
baseny ogrodowe sprawdzone modele,serp_pattern
baseny ogrodowe dla całej rodziny,serp_pattern
baseny ogrodowe łatwy montaż,serp_pattern
baseny ogrodowe szybka dostawa,serp_pattern
baseny ogrodowe dostawa gratis,serp_pattern
baseny ogrodowe transport gratis,serp_pattern
baseny ogrodowe gwarancja producenta,serp_pattern
baseny ogrodowe certyfikowane,serp_pattern
baseny ogrodowe bezpieczne,serp_pattern
intex baseny,brand
bestway baseny,brand
vivapool baseny,brand
woody baseny,brand
europool baseny,brand
styropool baseny,brand
poolsfactory baseny,brand
ambaseny baseny,brand
dobrebaseny baseny,brand
basenyogrodowe.pl,brand
dmuchane.pl baseny,brand