cluster_id,cluster_name,central_entity,canonical_query,keywords_count
0,Kosze prezentowe na okazje,Kosz prezentowy,kosz prezentowy na urodziny,33
1,Zawartość i produkty w koszu,Zawartość kosza,kosze prezentowe z winem,61
2,Ceny dostawy i sklepy,Dostawa koszy,gdzie kupić kosz prezentowy,32
3,Rodzaje i materiały koszy,Rodzaje koszy,kosz prezentowy wiklinowy,34
4,Zestawy i synonimy,Zestaw prezentowy,zestawy prezentowe,18
5,Pytania informacyjne o koszach,Kosz prezentowy,co to są kosze prezentowe,45
6,Kosze prezentowe - asortyment sklepu,Kosze prezentowe,kosze prezentowe,78
7,Kosze firmowe i B2B,Firmowy kosz prezentowy,kosze prezentowe dla pracowników,34
8,Wybór i rekomendacje koszów,Wybór kosza prezentowego,jaki kosz prezentowy wybrać,29
